grp_DNN_Pipeline_VITIS_LOOP_18_1_VITIS_LOOP_19_2_fu_783,VITIS_LOOP_18_1_VITIS_LOOP_19_2,upc_loop_status1.csv
grp_DNN_Pipeline_VITIS_LOOP_24_3_VITIS_LOOP_25_4_fu_790,VITIS_LOOP_24_3_VITIS_LOOP_25_4,upc_loop_status2.csv
grp_DNN_Pipeline_VITIS_LOOP_60_1_VITIS_LOOP_61_2_fu_796,VITIS_LOOP_60_1_VITIS_LOOP_61_2,upc_loop_status3.csv
grp_DNN_Pipeline_VITIS_LOOP_41_1_VITIS_LOOP_42_2_VITIS_LOOP_43_3_fu_802,VITIS_LOOP_41_1_VITIS_LOOP_42_2_VITIS_LOOP_43_3,upc_loop_status4.csv
grp_DNN_Pipeline_VITIS_LOOP_78_1_fu_826,VITIS_LOOP_78_1,upc_loop_status5.csv
grp_DNN_Pipeline_VITIS_LOOP_117_1_fu_832,VITIS_LOOP_117_1,upc_loop_status6.csv
grp_DNN_Pipeline_VITIS_LOOP_126_4_fu_838,VITIS_LOOP_126_4,upc_loop_status7.csv
grp_DNN_Pipeline_VITIS_LOOP_135_6_fu_893,VITIS_LOOP_135_6,upc_loop_status8.csv
grp_DNN_Pipeline_VITIS_LOOP_143_8_fu_948,VITIS_LOOP_143_8,upc_loop_status9.csv
grp_DNN_Pipeline_VITIS_LOOP_150_10_fu_991,VITIS_LOOP_150_10,upc_loop_status10.csv
grp_DNN_Pipeline_VITIS_LOOP_153_11_fu_997,VITIS_LOOP_153_11,upc_loop_status11.csv
grp_DNN_Pipeline_VITIS_LOOP_158_12_fu_1004,VITIS_LOOP_158_12,upc_loop_status12.csv
