,AESL_inst_DNN,,module_status1.csv
,grp_DNN_Pipeline_1_fu_729,,module_status2.csv
,grp_DNN_Pipeline_2_fu_735,,module_status3.csv
,grp_DNN_Pipeline_3_fu_741,,module_status4.csv
,grp_DNN_Pipeline_4_fu_747,,module_status5.csv
,grp_DNN_Pipeline_5_fu_753,,module_status6.csv
,grp_DNN_Pipeline_6_fu_759,,module_status7.csv
,grp_DNN_Pipeline_7_fu_765,,module_status8.csv
,grp_DNN_Pipeline_8_fu_771,,module_status9.csv
,grp_DNN_Pipeline_9_fu_777,,module_status10.csv
,grp_DNN_Pipeline_VITIS_LOOP_18_1_VITIS_LOOP_19_2_fu_783,,module_status11.csv
,grp_DNN_Pipeline_VITIS_LOOP_24_3_VITIS_LOOP_25_4_fu_790,,module_status12.csv
,grp_DNN_Pipeline_VITIS_LOOP_60_1_VITIS_LOOP_61_2_fu_796,,module_status13.csv
,grp_DNN_Pipeline_VITIS_LOOP_41_1_VITIS_LOOP_42_2_VITIS_LOOP_43_3_fu_802,,module_status14.csv
,grp_DNN_Pipeline_VITIS_LOOP_78_1_fu_826,,module_status15.csv
,grp_DNN_Pipeline_VITIS_LOOP_117_1_fu_832,,module_status16.csv
,grp_DNN_Pipeline_VITIS_LOOP_126_4_fu_838,,module_status17.csv
,grp_DNN_Pipeline_VITIS_LOOP_135_6_fu_893,,module_status18.csv
,grp_DNN_Pipeline_VITIS_LOOP_143_8_fu_948,,module_status19.csv
,grp_DNN_Pipeline_VITIS_LOOP_150_10_fu_991,,module_status20.csv
,grp_DNN_Pipeline_VITIS_LOOP_153_11_fu_997,,module_status21.csv
,grp_DNN_Pipeline_VITIS_LOOP_158_12_fu_1004,,module_status22.csv
